08 October 2018,01:20:22 PM,12.9368080009562,77.7004458120071,12.9493991,77.6808663,115.5,2.5421129784191,123.416223717303,123.12976337781,13.0993755170957,,-27.58777897247,Calibrate
08 October 2018,01:20:23 PM,12.9368080009562,77.7004458120071,12.9493991,77.6808663,115.5,2.5421129784191,123.416223717303,123.427110570254,13.1076502255279,,-27.58777897247,Calibrate
08 October 2018,01:20:24 PM,12.9368080009562,77.7004458120071,12.9493991,77.6808663,115.5,2.5421129784191,123.416223717303,123.501114584129,13.0148843767961,,-27.58777897247,Calibrate
08 October 2018,01:20:24 PM,12.9368080009562,77.7004458120071,12.9493991,77.6808663,115.5,2.5421129784191,123.416223717303,123.122590955478,12.9605499211242,,-27.58777897247,Calibrate
08 October 2018,01:20:25 PM,12.9368080009562,77.7004458120071,12.9493991,77.6808663,115.5,2.5421129784191,123.416223717303,123.112569564705,12.9842633576802,,-27.58777897247,Calibrate
08 October 2018,01:20:26 PM,12.9368080009562,77.7004458120071,12.9493991,77.6808663,115.5,2.5421129784191,123.416223717303,123.247443565216,13.0298140519295,,-27.58777897247,Calibrate
08 October 2018,01:20:27 PM,12.9367761003825,77.7004461248029,12.9493991,77.6808663,115.5,2.54409669323802,123.482480363075,122.853917654061,12.9692807704755,,-27.58777897247,Calibrate
08 October 2018,01:20:27 PM,12.936763340153,77.7004462499211,12.9493991,77.6808663,115.5,2.54489113071508,123.50895408456,122.888487034639,12.91058151963,,-27.58777897247,Calibrate
08 October 2018,01:20:28 PM,12.936763340153,77.7004462499211,12.9493991,77.6808663,115.5,2.54489113071508,123.50895408456,122.991778527876,13.0880588763185,,-27.58777897247,Calibrate
08 October 2018,01:20:29 PM,12.936763340153,77.7004462499211,12.9493991,77.6808663,115.5,2.54489113071508,123.50895408456,123.316829484607,13.15297877657,,-27.58777897247,Calibrate
08 October 2018,01:20:30 PM,12.936763340153,77.7004462499211,12.9493991,77.6808663,115.5,2.54489113071508,123.50895408456,123.250287105269,13.0541250342794,,-27.58777897247,Calibrate
08 October 2018,01:20:31 PM,12.936763340153,77.7004462499211,12.9493991,77.6808663,115.5,2.54489113071508,123.50895408456,123.21990920041,13.0452000019369,,-27.58777897247,Calibrate
08 October 2018,01:20:32 PM,12.9367569944245,77.7004457199874,12.9493991,77.6808663,115.5,2.54523291411638,123.522911340058,123.296018647985,13.059359429105,,-27.58777897247,Calibrate
08 October 2018,01:20:32 PM,12.9367569944245,77.7004457199874,12.9493991,77.6808663,115.5,2.54523291411638,123.522911340058,123.004390124342,13.066169113292,,-27.58777897247,Calibrate
08 October 2018,01:20:33 PM,12.9367564977698,77.700445487995,12.9493991,77.6808663,115.5,2.54524245912386,123.524260280476,123.209760107095,12.9861448407448,,-27.58777897247,Calibrate
08 October 2018,01:20:34 PM,12.9367564977698,77.700445487995,12.9493991,77.6808663,115.5,2.54524245912386,123.524260280476,123.497091620227,13.0528428554209,,-27.58777897247,Calibrate
08 October 2018,01:20:35 PM,12.9367564977698,77.700445487995,12.9493991,77.6808663,115.5,2.54524245912386,123.524260280476,123.63040468511,13.1015504582852,,-27.58777897247,Calibrate
08 October 2018,01:20:35 PM,12.9367564977698,77.700445487995,12.9493991,77.6808663,115.5,2.54524245912386,123.524260280476,123.42620588138,13.1146792699292,,-27.58777897247,Calibrate
08 October 2018,01:20:36 PM,12.9367562991079,77.700445395198,12.9493991,77.6808663,115.5,2.54524627752192,123.524799853802,123.267202832211,12.993389784207,,-27.58777897247,Calibrate
08 October 2018,01:20:37 PM,12.9367552196432,77.7004475580792,12.9493991,77.6808663,115.5,2.54550797259271,123.524137797455,123.497015563256,12.925243198549,,-27.58777897247,Calibrate
08 October 2018,01:20:38 PM,12.9367547878573,77.7004484232317,12.9493991,77.6808663,115.5,2.54561265071675,123.523873013016,123.863141640114,13.001238297979,,-27.58777897247,Calibrate
08 October 2018,01:20:39 PM,12.9367547878573,77.7004484232317,12.9493991,77.6808663,115.5,2.54561265071675,123.523873013016,123.467736116427,13.1196114403394,,-27.58777897247,Calibrate
08 October 2018,01:20:39 PM,12.9367547878573,77.7004484232317,12.9493991,77.6808663,115.5,2.54561265071675,123.523873013016,123.493303324783,13.056031805453,,-27.58777897247,Calibrate
08 October 2018,01:20:40 PM,12.9367547878573,77.7004484232317,12.9493991,77.6808663,115.5,2.54561265071675,123.523873013016,123.489276726368,12.9510815177424,,-27.58777897247,Calibrate
08 October 2018,01:20:41 PM,12.9367547878573,77.7004484232317,12.9493991,77.6808663,115.5,2.54561265071675,123.523873013016,123.325313086039,13.0952827784688,,-27.58777897247,Calibrate
08 October 2018,01:20:42 PM,12.9367546151429,77.7004487692927,12.9493991,77.6808663,115.5,2.54565452197977,123.523767105353,122.898778896621,12.9517584155187,,-27.58777897247,Calibrate
08 October 2018,01:20:43 PM,12.9367548460572,77.7004489077171,12.9493991,77.6808663,115.5,2.54565284521723,123.523098857331,123.002645529594,13.0078511403254,,-27.58777897247,Calibrate
08 October 2018,01:20:44 PM,12.9367549384229,77.7004489630868,12.9493991,77.6808663,115.5,2.54565217460733,123.522831557901,122.857728044157,12.9436571397749,,-27.58777897247,Calibrate
08 October 2018,01:20:44 PM,12.9367549384229,77.7004489630868,12.9493991,77.6808663,115.5,2.54565217460733,123.522831557901,123.069515765426,12.9343273427994,,-27.58777897247,Calibrate
08 October 2018,01:20:45 PM,12.9367549384229,77.7004489630868,12.9493991,77.6808663,115.5,2.54565217460733,123.522831557901,123.050961353039,12.9312083690194,,-27.58777897247,Calibrate
08 October 2018,01:20:46 PM,12.9367549384229,77.7004489630868,12.9493991,77.6808663,115.5,2.54565217460733,123.522831557901,122.922466007637,12.9441141361065,,-27.58777897247,Calibrate
08 October 2018,01:20:47 PM,12.9367549753691,77.7004489852347,12.9493991,77.6808663,115.5,2.54565190637974,123.522724638075,123.423269420743,12.946836369172,0.249095686994614,-27.8167778422519,Calibrate
08 October 2018,01:20:48 PM,12.9367546901477,77.7004498940939,12.9493991,77.6808663,115.5,2.54575153200318,123.522095278366,123.192815647458,13.0581920883552,0.249095686994614,-27.8167778422519,Calibrate
08 October 2018,01:20:48 PM,12.9367545760591,77.7004502576376,12.9493991,77.6808663,115.5,2.54579138233773,123.521843548286,123.054987541218,13.0016765131694,0.249095686994614,-27.8167778422519,Calibrate
08 October 2018,01:20:49 PM,12.9367545760591,77.7004502576376,12.9493991,77.6808663,115.5,2.54579138233773,123.521843548286,123.394994913595,13.0965896595578,0.249095686994614,-27.8167778422519,Calibrate
08 October 2018,01:20:50 PM,12.9367545760591,77.7004502576376,12.9493991,77.6808663,115.5,2.54579138233773,123.521843548286,123.269135236447,13.0423563561558,0.249095686994614,-27.8167778422519,Calibrate
08 October 2018,01:20:51 PM,12.9367545760591,77.7004502576376,12.9493991,77.6808663,115.5,2.54579138233773,123.521843548286,122.855416660276,13.0600098806452,0.249095686994614,-27.8167778422519,Calibrate
08 October 2018,01:20:51 PM,12.9367545304236,77.700450403055,12.9493991,77.6808663,115.5,2.54580732248655,123.521742858436,122.951653363124,12.9819712284232,0.249095686994614,-27.8167778422519,Calibrate
08 October 2018,01:20:52 PM,12.9367543121694,77.700451661222,12.9493991,77.6808663,115.5,2.54593439377373,123.52050334694,123.652404324419,13.1139936100872,0.249095686994614,-27.8167778422519,Calibrate
08 October 2018,01:20:53 PM,12.9367542248678,77.7004521644888,12.9493991,77.6808663,115.5,2.54598522262167,123.520007576984,123.716868710282,13.0956090050579,0.249095686994614,-27.8167778422519,Calibrate
08 October 2018,01:20:54 PM,12.9367542248678,77.7004521644888,12.9493991,77.6808663,115.5,2.54598522262167,123.520007576984,122.980029139443,13.1055622297122,0.249095686994614,-27.8167778422519,Calibrate
08 October 2018,01:20:55 PM,12.9367542248678,77.7004521644888,12.9493991,77.6808663,115.5,2.54598522262167,123.520007576984,123.019611398079,13.0678863714416,0.249095686994614,-27.8167778422519,Calibrate
08 October 2018,01:20:56 PM,12.9367542248678,77.7004521644888,12.9493991,77.6808663,115.5,2.54598522262167,123.520007576984,123.220283562441,13.0357831423339,0.249095686994614,-27.8167778422519,Calibrate
08 October 2018,01:20:56 PM,12.9367542248678,77.7004521644888,12.9493991,77.6808663,115.5,2.54598522262167,123.520007576984,123.529748367719,13.1772556077826,0.249095686994614,-27.8167778422519,Calibrate
08 October 2018,01:20:57 PM,12.9367549759788,77.7004521463182,12.9493991,77.6808663,115.5,2.54593745464345,123.518465127564,123.483413136346,13.0722563173284,0.249095686994614,-27.8167778422519,Calibrate
08 October 2018,01:20:58 PM,12.9367549759788,77.7004521463182,12.9493991,77.6808663,115.5,2.54593745464345,123.518465127564,123.41763114383,13.1148074596139,0.249095686994614,-27.8167778422519,Calibrate
08 October 2018,01:20:59 PM,12.9367552903915,77.7004520585273,12.9493991,77.6808663,115.5,2.54591021520658,123.51792744865,123.451931629074,13.1187609896658,0.249095686994614,-27.8167778422519,Calibrate
08 October 2018,01:20:59 PM,12.9367552903915,77.7004520585273,12.9493991,77.6808663,115.5,2.54591021520658,123.51792744865,123.710471549898,13.0076029707281,0.249095686994614,-27.8167778422519,Calibrate
08 October 2018,01:21:00 PM,12.9367552903915,77.7004520585273,12.9493991,77.6808663,115.5,2.54591021520658,123.51792744865,123.591672540974,13.0540426575598,0.249095686994614,-27.8167778422519,Calibrate
08 October 2018,01:21:01 PM,12.9367552903915,77.7004520585273,12.9493991,77.6808663,115.5,2.54591021520658,123.51792744865,123.104567763458,13.1697779424942,0.249095686994614,-27.8167778422519,Calibrate
08 October 2018,01:21:02 PM,12.9367554161566,77.7004520234109,12.9493991,77.6808663,115.5,2.54589931949639,123.517712373835,123.101234794229,13.1336049840986,0.249095686994614,-27.8167778422519,Calibrate
08 October 2018,01:21:03 PM,12.9367553664626,77.7004535093644,12.9493991,77.6808663,115.5,2.54603662433534,123.515814682373,123.456919019182,13.1431438193502,0.249095686994614,-27.8167778422519,Calibrate
08 October 2018,01:21:04 PM,12.9367553465851,77.7004541037457,12.9493991,77.6808663,115.5,2.54609154705243,123.515055663104,123.413061429332,13.1799509736786,0.249095686994614,-27.8167778422519,Calibrate
08 October 2018,01:21:04 PM,12.9367553465851,77.7004541037457,12.9493991,77.6808663,115.5,2.54609154705243,123.515055663104,123.045786067971,13.0926301902751,0.249095686994614,-27.8167778422519,Calibrate
08 October 2018,01:21:05 PM,12.9367553465851,77.7004541037457,12.9493991,77.6808663,115.5,2.54609154705243,123.515055663104,123.012378245211,13.1730632351197,0.249095686994614,-27.8167778422519,Calibrate
08 October 2018,01:21:06 PM,12.9367553465851,77.7004541037457,12.9493991,77.6808663,115.5,2.54609154705243,123.515055663104,123.44246336836,13.1385307922047,0.249095686994614,-27.8167778422519,Calibrate
08 October 2018,01:21:07 PM,12.936755338634,77.7004543414983,12.9493991,77.6808663,115.5,2.54611351626492,123.514752064551,123.347700976465,13.0747345177143,0.249095686994614,-27.8167778422519,Calibrate
08 October 2018,01:21:07 PM,12.9367552354536,77.7004561365993,12.9493991,77.6808663,115.5,2.54628204179355,123.512549984312,123.460216102807,13.0450110864745,0.249095686994614,-27.8167778422519,Calibrate
08 October 2018,01:21:08 PM,12.9367552354536,77.7004561365993,12.9493991,77.6808663,115.5,2.54628204179355,123.512549984312,123.119662605377,13.1071754593766,0.249095686994614,-27.8167778422519,Calibrate
08 October 2018,01:21:09 PM,12.9367551941814,77.7004568546397,12.9493991,77.6808663,115.5,2.5463494530582,123.511669233822,123.076092299285,13.0684766926617,0.249095686994614,-27.8167778422519,Calibrate
08 October 2018,01:21:10 PM,12.9367551941814,77.7004568546397,12.9493991,77.6808663,115.5,2.5463494530582,123.511669233822,123.029244522996,13.1318558791776,0.249095686994614,-27.8167778422519,Calibrate
08 October 2018,01:21:11 PM,12.9367551941814,77.7004568546397,12.9493991,77.6808663,115.5,2.5463494530582,123.511669233822,123.105936522761,13.1311907126567,0.249095686994614,-27.8167778422519,Calibrate
08 October 2018,01:21:11 PM,12.9367551941814,77.7004568546397,12.9493991,77.6808663,115.5,2.5463494530582,123.511669233822,123.069008491853,13.1064154690456,0.238802887566022,-28.0033622098827,Calibrate
08 October 2018,01:21:12 PM,12.9367551776726,77.7004571418559,12.9493991,77.6808663,115.5,2.54637641773338,123.511316946663,122.948320745854,13.0989043975698,0.238802887566022,-28.0033622098827,Calibrate
08 October 2018,01:21:13 PM,12.936755171069,77.7004580567423,12.9493991,77.6808663,115.5,2.54645948734542,123.510098917002,123.070870464504,13.1299576184898,0.238802887566022,-28.0033622098827,Calibrate
08 October 2018,01:21:14 PM,12.9367551684276,77.7004584226969,12.9493991,77.6808663,115.5,2.54649271551252,123.509611727381,122.96741419074,13.1029501810295,0.238802887566022,-28.0033622098827,Calibrate
08 October 2018,01:21:15 PM,12.9367551684276,77.7004584226969,12.9493991,77.6808663,115.5,2.54649271551252,123.509611727381,123.071645501009,13.1559866711898,0.238802887566022,-28.0033622098827,Calibrate
08 October 2018,01:21:15 PM,12.9367551684276,77.7004584226969,12.9493991,77.6808663,115.5,2.54649271551252,123.509611727381,123.307827621998,12.9654288536736,0.238802887566022,-28.0033622098827,Calibrate
08 October 2018,01:21:16 PM,12.9367551684276,77.7004584226969,12.9493991,77.6808663,115.5,2.54649271551252,123.509611727381,123.342613383204,12.9979967383151,0.238802887566022,-28.0033622098827,Calibrate
08 October 2018,01:21:17 PM,12.936755167371,77.7004585690788,12.9493991,77.6808663,115.5,2.54650600683108,123.509416855084,123.349861642591,13.0715489992826,0.238802887566022,-28.0033622098827,Calibrate
08 October 2018,01:21:18 PM,12.9367553669484,77.7004600276315,12.9493991,77.6808663,115.5,2.54662554486171,123.507036999036,123.225405659611,13.0612857631096,0.238802887566022,-28.0033622098827,Calibrate
08 October 2018,01:21:19 PM,12.9367554467794,77.7004606110526,12.9493991,77.6808663,115.5,2.54667336130534,123.506085119147,123.609433953537,13.1747984396507,0.238802887566022,-28.0033622098827,Calibrate
08 October 2018,01:21:20 PM,12.9367554467794,77.7004606110526,12.9493991,77.6808663,115.5,2.54667336130534,123.506085119147,123.44585935123,13.1878551006463,0.238802887566022,-28.0033622098827,Calibrate
08 October 2018,01:21:20 PM,12.9367554467794,77.7004606110526,12.9493991,77.6808663,115.5,2.54667336130534,123.506085119147,123.265225029074,13.0633501359476,0.238802887566022,-28.0033622098827,Calibrate
08 October 2018,01:21:21 PM,12.9367554467794,77.7004606110526,12.9493991,77.6808663,115.5,2.54667336130534,123.506085119147,123.165574091262,13.0929128179937,0.238802887566022,-28.0033622098827,Calibrate
08 October 2018,01:21:22 PM,12.9367554787117,77.700460844421,12.9493991,77.6808663,115.5,2.54669248807944,123.505704377205,122.885047073199,12.9025923373094,0.238802887566022,-28.0033622098827,Calibrate
08 October 2018,01:21:23 PM,12.9367555914847,77.7004611377684,12.9493991,77.6808663,115.5,2.54671207203263,123.505074283728,123.272656778607,13.0291813290947,0.238802887566022,-28.0033622098827,Calibrate
08 October 2018,01:21:24 PM,12.9367555914847,77.7004611377684,12.9493991,77.6808663,115.5,2.54671207203263,123.505074283728,123.486367459646,13.1062010619726,0.238802887566022,-28.0033622098827,Calibrate
08 October 2018,01:21:24 PM,12.9367556365939,77.7004612551074,12.9493991,77.6808663,115.5,2.5467199057006,123.504822249043,123.270427752257,13.0848787835246,0.238802887566022,-28.0033622098827,Calibrate
08 October 2018,01:21:25 PM,12.9367556365939,77.7004612551074,12.9493991,77.6808663,115.5,2.5467199057006,123.504822249043,123.266945890288,13.0387990533201,0.238802887566022,-28.0033622098827,Calibrate
08 October 2018,01:21:26 PM,12.9367556365939,77.7004612551074,12.9493991,77.6808663,115.5,2.5467199057006,123.504822249043,123.569548368426,13.1575431396611,0.238802887566022,-28.0033622098827,Calibrate
08 October 2018,01:21:27 PM,12.9367556365939,77.7004612551074,12.9493991,77.6808663,115.5,2.5467199057006,123.504822249043,123.596069640724,13.1195574915545,0.238802887566022,-28.0033622098827,Calibrate
08 October 2018,01:21:28 PM,12.9367556546376,77.700461302043,12.9493991,77.6808663,115.5,2.54672303918185,123.504721435606,123.528616976442,13.0974458642588,0.238802887566022,-28.0033622098827,Calibrate
08 October 2018,01:21:28 PM,12.936756461855,77.7004600208172,12.9493991,77.6808663,115.5,2.54655771363853,123.504762254878,122.952345757755,12.9263850990675,0.238802887566022,-28.0033622098827,Calibrate
08 October 2018,01:21:29 PM,12.936756784742,77.7004595083269,12.9493991,77.6808663,115.5,2.54649158342039,123.504778584071,123.549464839535,13.0105143828095,0.238802887566022,-28.0033622098827,Calibrate
08 October 2018,01:21:30 PM,12.936756784742,77.7004595083269,12.9493991,77.6808663,115.5,2.54649158342039,123.504778584071,123.846121276371,12.9735522600969,0.238802887566022,-28.0033622098827,Calibrate
08 October 2018,01:21:31 PM,12.936756784742,77.7004595083269,12.9493991,77.6808663,115.5,2.54649158342039,123.504778584071,123.725497690475,13.0240482073674,0.238802887566022,-28.0033622098827,Calibrate
08 October 2018,01:21:31 PM,12.936756784742,77.7004595083269,12.9493991,77.6808663,115.5,2.54649158342039,123.504778584071,123.284178387555,12.9820027353184,0.238802887566022,-28.0033622098827,Calibrate
08 October 2018,01:21:32 PM,12.936756784742,77.7004595083269,12.9493991,77.6808663,115.5,2.54649158342039,123.504778584071,123.306459357521,13.0139174474454,0.238802887566022,-28.0033622098827,Calibrate
08 October 2018,01:21:33 PM,12.9367565655587,77.7004602213323,12.9493991,77.6808663,115.5,2.54656946633194,123.504276014225,123.271808183205,12.9670604113017,0.238802887566022,-28.0033622098827,Calibrate
08 October 2018,01:21:34 PM,12.9367565655587,77.7004602213323,12.9493991,77.6808663,115.5,2.54656946633194,123.504276014225,123.462217934319,12.9922948390727,0.238802887566022,-28.0033622098827,Calibrate
08 October 2018,01:21:35 PM,12.9367564262235,77.7004605885329,12.9493991,77.6808663,115.5,2.54661120038739,123.504072385203,123.547993613662,13.0473533697205,0.238802887566022,-28.0033622098827,Calibrate
08 October 2018,01:21:36 PM,12.9367564262235,77.7004605885329,12.9493991,77.6808663,115.5,2.54661120038739,123.504072385203,123.770496068118,12.9077775410213,0.238802887566022,-28.0033622098827,Calibrate
08 October 2018,01:21:36 PM,12.9367564262235,77.7004605885329,12.9493991,77.6808663,115.5,2.54661120038739,123.504072385203,123.616455638074,13.0713043628833,0.247054529035605,-28.1374246812819,Calibrate
08 October 2018,01:21:37 PM,12.9367564262235,77.7004605885329,12.9493991,77.6808663,115.5,2.54661120038739,123.504072385203,124.08866132048,13.0808926717915,0.247054529035605,-28.1374246812819,Calibrate
08 October 2018,01:21:38 PM,12.9367563704894,77.7004607354132,12.9493991,77.6808663,115.5,2.54662789401793,123.503990935472,123.774842976277,13.1379718848662,0.247054529035605,-28.1374246812819,Calibrate
08 October 2018,01:21:39 PM,12.9367573481958,77.7004596941653,12.9493991,77.6808663,115.5,2.54647378773089,123.503353011298,123.617690197411,13.0752188829635,0.247054529035605,-28.1374246812819,Calibrate
08 October 2018,01:21:39 PM,12.9367577392783,77.7004592776661,12.9493991,77.6808663,115.5,2.54641214530542,123.503097819983,123.90367855523,13.1417389426567,0.247054529035605,-28.1374246812819,Calibrate
08 October 2018,01:21:40 PM,12.9367577392783,77.7004592776661,12.9493991,77.6808663,115.5,2.54641214530542,123.503097819983,124.293106892329,13.0875989774903,0.247054529035605,-28.1374246812819,Calibrate
08 October 2018,01:21:41 PM,12.9367577392783,77.7004592776661,12.9493991,77.6808663,115.5,2.54641214530542,123.503097819983,124.2829761803,13.1461972688068,0.247054529035605,-28.1374246812819,Calibrate
08 October 2018,01:21:42 PM,12.9367577392783,77.7004592776661,12.9493991,77.6808663,115.5,2.54641214530542,123.503097819983,123.981498740186,13.1294064592626,0.247054529035605,-28.1374246812819,Calibrate
08 October 2018,01:21:43 PM,12.9367577392783,77.7004592776661,12.9493991,77.6808663,115.5,2.54641214530542,123.503097819983,123.935776779162,13.023979888135,0.247054529035605,-28.1374246812819,Calibrate
08 October 2018,01:21:44 PM,12.9367596582845,77.7004555444266,12.9493991,77.6808663,115.5,2.54595700315358,123.504120088121,123.895619102763,13.0786736825069,0.247054529035605,-28.1374246812819,Calibrate
08 October 2018,01:21:44 PM,12.9367603633138,77.7004541177706,12.9493991,77.6808663,115.5,2.54578480934998,123.504569933796,123.926706631994,13.1331893037608,0.247054529035605,-28.1374246812819,Calibrate
08 October 2018,01:21:45 PM,12.9367603633138,77.7004541177706,12.9493991,77.6808663,115.5,2.54578480934998,123.504569933796,124.076936798481,13.00653860631,0.247054529035605,-28.1374246812819,Calibrate
08 October 2018,01:21:46 PM,12.9367603633138,77.7004541177706,12.9493991,77.6808663,115.5,2.54578480934998,123.504569933796,124.246779318404,13.1113064826853,0.247054529035605,-28.1374246812819,Calibrate
08 October 2018,01:21:47 PM,12.9367603633138,77.7004541177706,12.9493991,77.6808663,115.5,2.54578480934998,123.504569933796,123.971815288355,13.0959101259451,0.247054529035605,-28.1374246812819,Calibrate
08 October 2018,01:21:47 PM,12.9367606453255,77.7004535471083,12.9493991,77.6808663,115.5,2.54571593187189,123.50474988911,123.647133539421,13.0496584953838,0.247054529035605,-28.1374246812819,Calibrate
08 October 2018,01:21:48 PM,12.9367616581302,77.7004507188433,12.9493991,77.6808663,115.5,2.54539819529802,123.506445120865,123.634570584214,12.9909433275328,0.247054529035605,-28.1374246812819,Calibrate
08 October 2018,01:21:49 PM,12.9367620632521,77.7004495875373,12.9493991,77.6808663,115.5,2.54527110129296,123.507123332042,123.986565078477,13.0775483267542,0.247054529035605,-28.1374246812819,Calibrate
08 October 2018,01:21:50 PM,12.9367620632521,77.7004495875373,12.9493991,77.6808663,115.5,2.54527110129296,123.507123332042,123.9939201112,13.1512297142547,0.247054529035605,-28.1374246812819,Calibrate
08 October 2018,01:21:51 PM,12.9367620632521,77.7004495875373,12.9493991,77.6808663,115.5,2.54527110129296,123.507123332042,123.852063865284,13.1166637173933,0.247054529035605,-28.1374246812819,Calibrate
08 October 2018,01:21:51 PM,12.9367620632521,77.7004495875373,12.9493991,77.6808663,115.5,2.54527110129296,123.507123332042,123.493922187288,13.0245219051987,0.247054529035605,-28.1374246812819,Calibrate
08 October 2018,01:21:52 PM,12.9367622253008,77.7004491350149,12.9493991,77.6808663,115.5,2.54522026378997,123.507394635486,123.849597849722,13.2015489819175,0.247054529035605,-28.1374246812819,Calibrate
08 October 2018,01:21:53 PM,12.9367628901203,77.700447354006,12.9493991,77.6808663,115.5,2.5450185213522,123.508406085967,123.974140484037,13.0413975551146,0.247054529035605,-28.1374246812819,Calibrate
08 October 2018,01:21:54 PM,12.9367631560481,77.7004466416024,12.9493991,77.6808663,115.5,2.54493782460005,123.508810711044,124.03174707962,12.9987423174321,0.247054529035605,-28.1374246812819,Calibrate
08 October 2018,01:21:55 PM,12.9367631560481,77.7004466416024,12.9493991,77.6808663,115.5,2.54493782460005,123.508810711044,124.060479681758,13.0912115413633,0.247054529035605,-28.1374246812819,Calibrate
08 October 2018,01:21:56 PM,12.9367631560481,77.7004466416024,12.9493991,77.6808663,115.5,2.54493782460005,123.508810711044,123.807317118294,13.0771748962181,0.247054529035605,-28.1374246812819,Calibrate
08 October 2018,01:21:56 PM,12.9367631560481,77.7004466416024,12.9493991,77.6808663,115.5,2.54493782460005,123.508810711044,124.076727279247,13.0900453226436,0.247054529035605,-28.1374246812819,Calibrate
08 October 2018,01:21:57 PM,12.9367631560481,77.7004466416024,12.9493991,77.6808663,115.5,2.54493782460005,123.508810711044,124.080348938095,13.0749505830015,0.247054529035605,-28.1374246812819,Calibrate
08 October 2018,01:21:58 PM,12.9367632624193,77.700446356641,12.9493991,77.6808663,115.5,2.54490554593378,123.508972568266,124.141597774834,13.185335134043,0.247054529035605,-28.1374246812819,Calibrate
08 October 2018,01:21:59 PM,12.9367636049677,77.7004466426564,12.9493991,77.6808663,115.5,2.54491035923148,123.507872281603,124.064690919881,13.0364607993555,0.247054529035605,-28.1374246812819,Calibrate
08 October 2018,01:22:00 PM,12.9367637419871,77.7004467570626,12.9493991,77.6808663,115.5,2.54491228481309,123.507432168107,123.925088994437,13.1370122459469,0.247054529035605,-28.1374246812819,Calibrate
08 October 2018,01:22:00 PM,12.9367637419871,77.7004467570626,12.9493991,77.6808663,115.5,2.54491228481309,123.507432168107,123.733812028545,13.0893212687775,0.247054529035605,-28.1374246812819,Calibrate
08 October 2018,01:22:01 PM,12.9367637419871,77.7004467570626,12.9493991,77.6808663,115.5,2.54491228481309,123.507432168107,123.606268406249,13.0830904826128,0.196453485512494,-27.7958538239273,Calibrate
08 October 2018,01:22:02 PM,12.9367637419871,77.7004467570626,12.9493991,77.6808663,115.5,2.54491228481309,123.507432168107,123.705868344661,13.1162261375329,0.196453485512494,-27.7958538239273,Calibrate
08 October 2018,01:22:03 PM,12.9367637967948,77.700446802825,12.9493991,77.6808663,115.5,2.54491305508913,123.507256122869,123.6000714008,13.0684909968649,0.196453485512494,-27.7958538239273,Calibrate
08 October 2018,01:22:03 PM,12.9367647187179,77.70044502113,12.9493991,77.6808663,115.5,2.5446954662844,123.507731919267,123.524073914934,13.0405781891287,0.196453485512494,-27.7958538239273,Calibrate
08 October 2018,01:22:04 PM,12.9367647187179,77.70044502113,12.9493991,77.6808663,115.5,2.5446954662844,123.507731919267,123.110242773146,13.1060199268465,0.196453485512494,-27.7958538239273,Calibrate
08 October 2018,01:22:05 PM,12.9367650874872,77.700444308452,12.9493991,77.6808663,115.5,2.54460843081229,123.507922260594,122.96468672826,13.0892555586347,0.196453485512494,-27.7958538239273,Calibrate
08 October 2018,01:22:06 PM,12.9367650874872,77.700444308452,12.9493991,77.6808663,115.5,2.54460843081229,123.507922260594,123.106340481072,13.170813908563,0.196453485512494,-27.7958538239273,Calibrate
08 October 2018,01:22:07 PM,12.9367650874872,77.700444308452,12.9493991,77.6808663,115.5,2.54460843081229,123.507922260594,122.805782018849,13.0862716759705,0.196453485512494,-27.7958538239273,Calibrate
08 October 2018,01:22:08 PM,12.9367650874872,77.700444308452,12.9493991,77.6808663,115.5,2.54460843081229,123.507922260594,122.962921622593,13.1239140185458,0.196453485512494,-27.7958538239273,Calibrate
08 October 2018,01:22:08 PM,12.9367652349949,77.7004440233808,12.9493991,77.6808663,115.5,2.54457361663301,123.507998400731,122.875975407384,13.1962994383789,0.196453485512494,-27.7958538239273,Calibrate
08 October 2018,01:22:09 PM,12.9367658939979,77.7004423093523,12.9493991,77.6808663,115.5,2.54437828387673,123.508932048058,122.688887453029,13.0675335335343,0.196453485512494,-27.7958538239273,Calibrate
08 October 2018,01:22:10 PM,12.9367661575992,77.7004416237409,12.9493991,77.6808663,115.5,2.54430015096468,123.509305547092,122.579996177814,13.0985882307061,0.196453485512494,-27.7958538239273,Calibrate
08 October 2018,01:22:11 PM,12.9367661575992,77.7004416237409,12.9493991,77.6808663,115.5,2.54430015096468,123.509305547092,122.499838929901,13.0019011676152,0.196453485512494,-27.7958538239273,Calibrate
08 October 2018,01:22:12 PM,12.9367661575992,77.7004416237409,12.9493991,77.6808663,115.5,2.54430015096468,123.509305547092,122.776096935921,13.0065038170993,0.196453485512494,-27.7958538239273,Calibrate
08 October 2018,01:22:12 PM,12.9367661575992,77.7004416237409,12.9493991,77.6808663,115.5,2.54430015096468,123.509305547092,122.618798938503,13.1636144190757,0.196453485512494,-27.7958538239273,Calibrate
08 October 2018,01:22:13 PM,12.9367662630397,77.7004413494964,12.9493991,77.6808663,115.5,2.54426889782958,123.509454953137,122.678306588364,13.0609331526289,0.196453485512494,-27.7958538239273,Calibrate
08 October 2018,01:22:14 PM,12.9367671052159,77.7004394397985,12.9493991,77.6808663,115.5,2.54404464026155,123.51027006493,122.63783692596,13.1546907743333,0.196453485512494,-27.7958538239273,Calibrate
08 October 2018,01:22:15 PM,12.9367674420863,77.7004386759194,12.9493991,77.6808663,115.5,2.54395493737815,123.510596149872,122.707964919566,13.0754284972423,0.196453485512494,-27.7958538239273,Calibrate
08 October 2018,01:22:16 PM,12.9367674420863,77.7004386759194,12.9493991,77.6808663,115.5,2.54395493737815,123.510596149872,122.697318368593,12.9228547720157,0.196453485512494,-27.7958538239273,Calibrate
08 October 2018,01:22:16 PM,12.9367674420863,77.7004386759194,12.9493991,77.6808663,115.5,2.54395493737815,123.510596149872,122.621993982892,12.9950615426872,0.196453485512494,-27.7958538239273,Calibrate
08 October 2018,01:22:17 PM,12.9367674420863,77.7004386759194,12.9493991,77.6808663,115.5,2.54395493737815,123.510596149872,122.493759690756,13.0121170958225,0.196453485512494,-27.7958538239273,Calibrate
08 October 2018,01:22:18 PM,12.9367674420863,77.7004386759194,12.9493991,77.6808663,115.5,2.54395493737815,123.510596149872,122.93028917332,13.069934101688,0.196453485512494,-27.7958538239273,Calibrate
08 October 2018,01:22:19 PM,12.9367675768345,77.7004383703678,12.9493991,77.6808663,115.5,2.54391905624795,123.510726590283,123.054924030196,13.0144039635882,0.196453485512494,-27.7958538239273,Calibrate
08 October 2018,01:22:20 PM,12.9367681307338,77.7004368481471,12.9493991,77.6808663,115.5,2.54374750921332,123.511621630791,122.819139240741,13.0406157200601,0.196453485512494,-27.7958538239273,Calibrate
08 October 2018,01:22:20 PM,12.9367683522935,77.7004362392588,12.9493991,77.6808663,115.5,2.54367889057359,123.511979680802,122.664081856633,12.9160566756734,0.196453485512494,-27.7958538239273,Calibrate
08 October 2018,01:22:21 PM,12.9367683522935,77.7004362392588,12.9493991,77.6808663,115.5,2.54367889057359,123.511979680802,123.027853716682,13.0216353451952,0.196453485512494,-27.7958538239273,Calibrate
08 October 2018,01:22:22 PM,12.9367683522935,77.7004362392588,12.9493991,77.6808663,115.5,2.54367889057359,123.511979680802,122.836054803958,13.0994822409992,0.196453485512494,-27.7958538239273,Calibrate
08 October 2018,01:22:23 PM,12.9367683522935,77.7004362392588,12.9493991,77.6808663,115.5,2.54367889057359,123.511979680802,123.107525410183,13.1122401365672,0.196453485512494,-27.7958538239273,Calibrate
08 October 2018,01:22:24 PM,12.9367684409174,77.7004359957035,12.9493991,77.6808663,115.5,2.54365144314457,123.512122906214,122.979322113178,13.0560860209804,0.196453485512494,-27.7958538239273,Calibrate
08 October 2018,01:22:24 PM,12.936769476367,77.7004348982814,12.9493991,77.6808663,115.5,2.54348871196248,123.511439861061,123.092961282289,13.1150896777941,0.196453485512494,-27.7958538239273,Calibrate
08 October 2018,01:22:25 PM,12.9367698905468,77.7004344593126,12.9493991,77.6808663,115.5,2.54342361958916,123.511166618553,123.101754664702,13.0543654290504,0.196453485512494,-27.7958538239273,Calibrate
08 October 2018,01:22:26 PM,12.9367698905468,77.7004344593126,12.9493991,77.6808663,115.5,2.54342361958916,123.511166618553,123.488787445385,12.9989902063901,0.320076763533818,-28.2595758593853,Calibrate
08 October 2018,01:22:27 PM,12.9367698905468,77.7004344593126,12.9493991,77.6808663,115.5,2.54342361958916,123.511166618553,124.04399398129,13.0197811194826,0.320076763533818,-28.2595758593853,Calibrate
08 October 2018,01:22:27 PM,12.9367698905468,77.7004344593126,12.9493991,77.6808663,115.5,2.54342361958916,123.511166618553,124.03694329935,13.149351850802,0.320076763533818,-28.2595758593853,Calibrate
08 October 2018,01:22:28 PM,12.9367698905468,77.7004344593126,12.9493991,77.6808663,115.5,2.54342361958916,123.511166618553,123.947084856581,13.1245203213588,0.320076763533818,-28.2595758593853,Calibrate
08 October 2018,01:22:29 PM,12.9367700562187,77.700434283725,12.9493991,77.6808663,115.5,2.54339758265707,123.511057317615,123.945250770376,13.0953424074103,0.320076763533818,-28.2595758593853,Calibrate
08 October 2018,01:22:30 PM,12.9367695224875,77.70043511349,12.9493991,77.6808663,115.5,2.54350532521954,123.511053451006,124.137033893142,13.0962678215856,0.320076763533818,-28.2595758593853,Calibrate
08 October 2018,01:22:31 PM,12.936769308995,77.700435445396,12.9493991,77.6808663,115.5,2.5435484222445,123.511051904452,124.100514277207,13.1029224625647,0.320076763533818,-28.2595758593853,Calibrate
08 October 2018,01:22:32 PM,12.936769308995,77.700435445396,12.9493991,77.6808663,115.5,2.5435484222445,123.511051904452,124.188052172295,13.1156108790158,0.320076763533818,-28.2595758593853,Calibrate
08 October 2018,01:22:32 PM,12.936769308995,77.700435445396,12.9493991,77.6808663,115.5,2.5435484222445,123.511051904452,124.094868775395,13.0741353325463,0.320076763533818,-28.2595758593853,Calibrate
08 October 2018,01:22:33 PM,12.936769308995,77.700435445396,12.9493991,77.6808663,115.5,2.5435484222445,123.511051904452,123.716445209437,13.0550763887948,0.320076763533818,-28.2595758593853,Calibrate
08 October 2018,01:22:34 PM,12.936769223598,77.7004355781584,12.9493991,77.6808663,115.5,2.54356566105426,123.511051285843,123.907531109242,13.0302131511665,0.320076763533818,-28.2595758593853,Calibrate
08 October 2018,01:22:35 PM,12.9367693894392,77.7004362312634,12.9493991,77.6808663,115.5,2.54361449017543,123.50982464712,123.776199159355,13.1364269016233,0.320076763533818,-28.2595758593853,Calibrate
08 October 2018,01:22:35 PM,12.9367694557757,77.7004364925054,12.9493991,77.6808663,115.5,2.54363402215036,123.509334004821,123.593717482395,13.1466174690643,0.320076763533818,-28.2595758593853,Calibrate
08 October 2018,01:22:36 PM,12.9367694557757,77.7004364925054,12.9493991,77.6808663,115.5,2.54363402215036,123.509334004821,123.534852559145,13.0302985822178,0.320076763533818,-28.2595758593853,Calibrate
08 October 2018,01:22:37 PM,12.9367694557757,77.7004364925054,12.9493991,77.6808663,115.5,2.54363402215036,123.509334004821,124.223985765667,13.0494695457524,0.320076763533818,-28.2595758593853,Calibrate
08 October 2018,01:22:38 PM,12.9367694557757,77.7004364925054,12.9493991,77.6808663,115.5,2.54363402215036,123.509334004821,123.598444504377,13.002354876087,0.320076763533818,-28.2595758593853,Calibrate
08 October 2018,01:22:39 PM,12.9367694557757,77.7004364925054,12.9493991,77.6808663,115.5,2.54363402215036,123.509334004821,123.930020887603,13.1607466197346,0.320076763533818,-28.2595758593853,Calibrate
08 October 2018,01:22:40 PM,12.9367700929241,77.7004361388009,12.9493991,77.6808663,115.5,2.54356294551258,123.508480162602,123.444687562203,12.9364036050407,0.320076763533818,-28.2595758593853,Calibrate
08 October 2018,01:22:40 PM,12.9367700929241,77.7004361388009,12.9493991,77.6808663,115.5,2.54356294551258,123.508480162602,123.716516118808,12.9512384229662,0.320076763533818,-28.2595758593853,Calibrate
08 October 2018,01:22:41 PM,12.9367703371696,77.7004359555203,12.9493991,77.6808663,115.5,2.54353138981436,123.508217116222,123.581101200796,12.982074924857,0.320076763533818,-28.2595758593853,Calibrate
08 October 2018,01:22:42 PM,12.9367703371696,77.7004359555203,12.9493991,77.6808663,115.5,2.54353138981436,123.508217116222,123.922595521884,12.9938317576178,0.320076763533818,-28.2595758593853,Calibrate
08 October 2018,01:22:43 PM,12.9367703371696,77.7004359555203,12.9493991,77.6808663,115.5,2.54353138981436,123.508217116222,124.36665197957,12.9519888473224,0.320076763533818,-28.2595758593853,Calibrate
08 October 2018,01:22:44 PM,12.9367703371696,77.7004359555203,12.9493991,77.6808663,115.5,2.54353138981436,123.508217116222,124.075684793878,13.0222965355622,0.320076763533818,-28.2595758593853,Calibrate
08 October 2018,01:22:44 PM,12.9367704348679,77.7004358822081,12.9493991,77.6808663,115.5,2.54351876755024,123.508111895838,123.857262060104,13.0363041371315,0.320076763533818,-28.2595758593853,Calibrate
08 October 2018,01:22:45 PM,12.9367710739471,77.7004347528833,12.9493991,77.6808663,115.5,2.54337748996258,123.50829939763,123.551765952766,13.070340204891,0.320076763533818,-28.2595758593853,Calibrate
08 October 2018,01:22:46 PM,12.9367710739471,77.7004347528833,12.9493991,77.6808663,115.5,2.54337748996258,123.50829939763,123.656873673354,13.0178020298286,0.320076763533818,-28.2595758593853,Calibrate
08 October 2018,01:22:47 PM,12.9367713295789,77.7004343011533,12.9493991,77.6808663,115.5,2.54332097893436,123.508374404192,123.422767377135,12.8953699464403,0.320076763533818,-28.2595758593853,Calibrate
08 October 2018,01:22:48 PM,12.9367713295789,77.7004343011533,12.9493991,77.6808663,115.5,2.54332097893436,123.508374404192,123.207106186429,12.9988085802508,0.320076763533818,-28.2595758593853,Calibrate
08 October 2018,01:22:48 PM,12.9367713295789,77.7004343011533,12.9493991,77.6808663,115.5,2.54332097893436,123.508374404192,123.456622805491,13.0035398426575,0.320076763533818,-28.2595758593853,Calibrate
08 October 2018,01:22:49 PM,12.9367713295789,77.7004343011533,12.9493991,77.6808663,115.5,2.54332097893436,123.508374404192,123.623049288845,12.9441632850524,0.320076763533818,-28.2595758593853,Calibrate
08 October 2018,01:22:50 PM,12.9367714318315,77.7004341204613,12.9493991,77.6808663,115.5,2.54329837452459,123.508404407745,123.686360897993,12.989677624884,0.320076763533818,-28.2595758593853,Calibrate
08 October 2018,01:22:51 PM,12.9367722727326,77.7004332481845,12.9493991,77.6808663,115.5,2.54316793268143,123.507823885989,123.751012661463,13.1033099064421,0.278273664489115,-28.0249892503054,Calibrate
08 October 2018,01:22:52 PM,12.936772609093,77.7004328992738,12.9493991,77.6808663,115.5,2.54311575601752,123.507591660607,123.535912139274,12.9876678936764,0.278273664489115,-28.0249892503054,Calibrate
08 October 2018,01:22:52 PM,12.936772609093,77.7004328992738,12.9493991,77.6808663,115.5,2.54311575601752,123.507591660607,123.875804455999,13.0478399561096,0.278273664489115,-28.0249892503054,Calibrate
08 October 2018,01:22:53 PM,12.936772609093,77.7004328992738,12.9493991,77.6808663,115.5,2.54311575601752,123.507591660607,123.862758071724,13.1065201902445,0.278273664489115,-28.0249892503054,Calibrate
08 October 2018,01:22:54 PM,12.936772609093,77.7004328992738,12.9493991,77.6808663,115.5,2.54311575601752,123.507591660607,123.776991343665,13.0530954323881,0.278273664489115,-28.0249892503054,Calibrate
08 October 2018,01:22:55 PM,12.936772609093,77.7004328992738,12.9493991,77.6808663,115.5,2.54311575601752,123.507591660607,123.7563255743,12.989674366959,0.278273664489115,-28.0249892503054,Calibrate
08 October 2018,01:22:56 PM,12.936772609093,77.7004328992738,12.9493991,77.6808663,115.5,2.54311575601752,123.507591660607,123.590729837421,12.9916266053372,0.278273664489115,-28.0249892503054,Calibrate
08 October 2018,01:22:56 PM,12.936772609093,77.7004328992738,12.9493991,77.6808663,115.5,2.54311575601752,123.507591660607,123.722777213591,12.9483904725222,0.278273664489115,-28.0249892503054,Calibrate
08 October 2018,01:22:57 PM,12.9367724436372,77.7004404597095,12.9493991,77.6808663,115.5,2.54380909574466,123.497748180668,123.719335923403,12.9888004357706,0.278273664489115,-28.0249892503054,Calibrate
08 October 2018,01:22:58 PM,12.9367724436372,77.7004404597095,12.9493991,77.6808663,115.5,2.54380909574466,123.497748180668,123.926713273959,13.087539890345,0.278273664489115,-28.0249892503054,Calibrate
08 October 2018,01:22:59 PM,12.9367723774549,77.7004434838838,12.9493991,77.6808663,115.5,2.54408645264665,123.49381229089,124.063858703868,13.0863807929327,0.278273664489115,-28.0249892503054,Calibrate
08 October 2018,01:23:00 PM,12.9367723774549,77.7004434838838,12.9493991,77.6808663,115.5,2.54408645264665,123.49381229089,123.90992380132,12.9361838637101,0.278273664489115,-28.0249892503054,Calibrate
08 October 2018,01:23:00 PM,12.9367723774549,77.7004434838838,12.9493991,77.6808663,115.5,2.54408645264665,123.49381229089,123.588205750107,13.0004203714021,0.278273664489115,-28.0249892503054,Calibrate
08 October 2018,01:23:01 PM,12.9367723774549,77.7004434838838,12.9493991,77.6808663,115.5,2.54408645264665,123.49381229089,123.73059072579,13.0345514285219,0.278273664489115,-28.0249892503054,Calibrate
08 October 2018,01:23:02 PM,12.936772350982,77.7004446935535,12.9493991,77.6808663,115.5,2.54419739876932,123.492238175224,123.903955777686,12.9822941036124,0.278273664489115,-28.0249892503054,Calibrate
08 October 2018,01:23:03 PM,12.9367716403928,77.7004452774214,12.9493991,77.6808663,115.5,2.5442937721664,123.49293560571,124.02899906678,13.0021615564837,0.278273664489115,-28.0249892503054,Calibrate
08 October 2018,01:23:03 PM,12.9367713561571,77.7004455109686,12.9493991,77.6808663,115.5,2.54433232163135,123.4932145631,124.005646703467,13.0414447926949,0.278273664489115,-28.0249892503054,Calibrate
08 October 2018,01:23:04 PM,12.9367713561571,77.7004455109686,12.9493991,77.6808663,115.5,2.54433232163135,123.4932145631,123.507366740807,12.8965557766895,0.278273664489115,-28.0249892503054,Calibrate
08 October 2018,01:23:05 PM,12.9367713561571,77.7004455109686,12.9493991,77.6808663,115.5,2.54433232163135,123.4932145631,123.446204428879,12.9849998828404,0.278273664489115,-28.0249892503054,Calibrate
08 October 2018,01:23:06 PM,12.9367713561571,77.7004455109686,12.9493991,77.6808663,115.5,2.54433232163135,123.4932145631,123.752854176707,13.0348797732111,0.278273664489115,-28.0249892503054,Calibrate
08 October 2018,01:23:07 PM,12.9367712424628,77.7004456043874,12.9493991,77.6808663,115.5,2.54434774143359,123.493326143703,123.909408992663,12.9745396412716,0.278273664489115,-28.0249892503054,Calibrate
08 October 2018,01:23:07 PM,12.9367707969851,77.700445741755,12.9493991,77.6808663,115.5,2.54438749439935,123.494071312091,123.664980204757,12.8919775125477,0.278273664489115,-28.0249892503054,Calibrate
08 October 2018,01:23:08 PM,12.9367706187941,77.700445796702,12.9493991,77.6808663,115.5,2.54440339570516,123.494369372933,123.465663114502,12.9851007784675,0.278273664489115,-28.0249892503054,Calibrate
08 October 2018,01:23:09 PM,12.9367706187941,77.700445796702,12.9493991,77.6808663,115.5,2.54440339570516,123.494369372933,123.580433054673,13.0277238657119,0.278273664489115,-28.0249892503054,Calibrate
08 October 2018,01:23:10 PM,12.9367706187941,77.700445796702,12.9493991,77.6808663,115.5,2.54440339570516,123.494369372933,123.732139967274,13.0298674273347,0.278273664489115,-28.0249892503054,Calibrate
08 October 2018,01:23:11 PM,12.9367706187941,77.700445796702,12.9493991,77.6808663,115.5,2.54440339570516,123.494369372933,123.496093084601,13.0058136939781,0.278273664489115,-28.0249892503054,Calibrate
08 October 2018,01:23:12 PM,12.9367705475176,77.7004458186808,12.9493991,77.6808663,115.5,2.54440975624675,123.494488596233,123.582238662645,13.0353375577969,0.278273664489115,-28.0249892503054,Calibrate
08 October 2018,01:23:12 PM,12.936769819007,77.7004459274723,12.9493991,77.6808663,115.5,2.54446429788778,123.495863174937,123.645243731647,13.0104112126673,0.278273664489115,-28.0249892503054,Calibrate
08 October 2018,01:23:13 PM,12.9367695276028,77.7004459709889,12.9493991,77.6808663,115.5,2.54448611495485,123.49641298991,123.876768750777,12.9975523022228,0.278273664489115,-28.0249892503054,Calibrate
08 October 2018,01:23:14 PM,12.9367695276028,77.7004459709889,12.9493991,77.6808663,115.5,2.54448611495485,123.49641298991,123.88378270643,12.932115338153,0.278273664489115,-28.0249892503054,Calibrate
08 October 2018,01:23:15 PM,12.9367695276028,77.7004459709889,12.9493991,77.6808663,115.5,2.54448611495485,123.49641298991,123.793167587655,13.0250099802158,0.278273664489115,-28.0249892503054,Calibrate
08 October 2018,01:23:16 PM,12.9367695276028,77.7004459709889,12.9493991,77.6808663,115.5,2.54448611495485,123.49641298991,123.903074736389,13.0534166936982,0.168794048997429,-27.8263548363542,Calibrate
08 October 2018,01:23:16 PM,12.9367694110411,77.7004459883956,12.9493991,77.6808663,115.5,2.54449484184694,123.496632913265,123.602038832105,12.9774736913849,0.168794048997429,-27.8263548363542,Calibrate
08 October 2018,01:23:17 PM,12.9367693644164,77.7004460953582,12.9493991,77.6808663,115.5,2.54450736954062,123.496586190599,123.665807984061,13.0454725043686,0.168794048997429,-27.8263548363542,Calibrate
08 October 2018,01:23:18 PM,12.9367693644164,77.7004460953582,12.9493991,77.6808663,115.5,2.54450736954062,123.496586190599,123.506137865539,13.0489373002385,0.168794048997429,-27.8263548363542,Calibrate
08 October 2018,01:23:19 PM,12.9367693457666,77.7004461381433,12.9493991,77.6808663,115.5,2.54451238061789,123.496567501676,123.56788311079,13.0894349661146,0.168794048997429,-27.8263548363542,Calibrate
08 October 2018,01:23:20 PM,12.9367693457666,77.7004461381433,12.9493991,77.6808663,115.5,2.54451238061789,123.496567501676,123.567463659567,13.0463119229617,0.168794048997429,-27.8263548363542,Calibrate
08 October 2018,01:23:20 PM,12.9367693457666,77.7004461381433,12.9493991,77.6808663,115.5,2.54451238061789,123.496567501676,123.429822590978,13.0504228483631,0.168794048997429,-27.8263548363542,Calibrate
08 October 2018,01:23:21 PM,12.9367693383066,77.7004461552573,12.9493991,77.6808663,115.5,2.54451438504922,123.496560026116,123.450721312509,13.0048686874032,0.168794048997429,-27.8263548363542,Calibrate
08 October 2018,01:23:22 PM,12.9367696353227,77.7004463621029,12.9493991,77.6808663,115.5,2.54451484876356,123.495661292288,123.707047401142,12.994873952536,0.168794048997429,-27.8263548363542,Calibrate
08 October 2018,01:23:23 PM,12.9367696353227,77.7004463621029,12.9493991,77.6808663,115.5,2.54451484876356,123.495661292288,123.352696648035,12.9431697282632,0.168794048997429,-27.8263548363542,Calibrate
08 October 2018,01:23:24 PM,12.9367697541291,77.7004464448412,12.9493991,77.6808663,115.5,2.54451503442603,123.495301798819,124.074655649194,13.020418205638,0.168794048997429,-27.8263548363542,Calibrate
08 October 2018,01:23:24 PM,12.9367697541291,77.7004464448412,12.9493991,77.6808663,115.5,2.54451503442603,123.495301798819,123.585082345457,13.0379463211732,0.168794048997429,-27.8263548363542,Calibrate
08 October 2018,01:23:25 PM,12.9367697541291,77.7004464448412,12.9493991,77.6808663,115.5,2.54451503442603,123.495301798819,123.814397129438,13.0477422649507,0.168794048997429,-27.8263548363542,Calibrate
08 October 2018,01:23:26 PM,12.9367698016516,77.7004464779365,12.9493991,77.6808663,115.5,2.54451510871799,123.495158001465,123.209210495912,13.0146482888387,0.168794048997429,-27.8263548363542,Calibrate
08 October 2018,01:23:27 PM,12.9367697206606,77.7004470911746,12.9493991,77.6808663,115.5,2.54457549827573,123.494501175364,123.686912172883,12.9919208348103,0.168794048997429,-27.8263548363542,Calibrate
08 October 2018,01:23:28 PM,12.9367696882643,77.7004473364698,12.9493991,77.6808663,115.5,2.54459965419255,123.494238453642,123.340240279214,12.9703917070539,0.168794048997429,-27.8263548363542,Calibrate
08 October 2018,01:23:28 PM,12.9367696882643,77.7004473364698,12.9493991,77.6808663,115.5,2.54459965419255,123.494238453642,123.46985057292,13.0108953727826,0.168794048997429,-27.8263548363542,Calibrate
08 October 2018,01:23:29 PM,12.9367696882643,77.7004473364698,12.9493991,77.6808663,115.5,2.54459965419255,123.494238453642,123.488693920158,12.975579706625,0.168794048997429,-27.8263548363542,Calibrate
08 October 2018,01:23:30 PM,12.9367696882643,77.7004473364698,12.9493991,77.6808663,115.5,2.54459965419255,123.494238453642,123.754713314401,13.0542509514684,0.168794048997429,-27.8263548363542,Calibrate
08 October 2018,01:23:31 PM,12.9367696753057,77.7004474345879,12.9493991,77.6808663,115.5,2.5446093165744,123.494133366356,123.298753646438,12.9883951471157,0.168794048997429,-27.8263548363542,Calibrate
08 October 2018,01:23:31 PM,12.9367699701223,77.7004474738352,12.9493991,77.6808663,115.5,2.54459477064328,123.493464970995,123.521697740108,13.0481946929499,0.168794048997429,-27.8263548363542,Calibrate
08 October 2018,01:23:32 PM,12.9367699701223,77.7004474738352,12.9493991,77.6808663,115.5,2.54459477064328,123.493464970995,123.551732465203,13.0799132355627,0.168794048997429,-27.8263548363542,Calibrate
08 October 2018,01:23:33 PM,12.9367700880489,77.7004474895341,12.9493991,77.6808663,115.5,2.54458895236687,123.49319761073,123.655754160968,13.1248083881018,0.168794048997429,-27.8263548363542,Calibrate
08 October 2018,01:23:34 PM,12.9367700880489,77.7004474895341,12.9493991,77.6808663,115.5,2.54458895236687,123.49319761073,122.812980237245,12.989830990525,0.168794048997429,-27.8263548363542,Calibrate
08 October 2018,01:23:35 PM,12.9367700880489,77.7004474895341,12.9493991,77.6808663,115.5,2.54458895236687,123.49319761073,123.008297838267,13.0310392122327,0.168794048997429,-27.8263548363542,Calibrate
08 October 2018,01:23:35 PM,12.9367701352196,77.7004474958136,12.9493991,77.6808663,115.5,2.5445866250724,123.493090666278,123.020545247107,13.0813435902586,0.168794048997429,-27.8263548363542,Calibrate
08 October 2018,01:23:36 PM,12.9367703540878,77.7004472983255,12.9493991,77.6808663,115.5,2.54455534587616,123.492899655102,122.803749168475,13.1080088427273,0.168794048997429,-27.8263548363542,Calibrate
08 October 2018,01:23:37 PM,12.9367703540878,77.7004472983255,12.9493991,77.6808663,115.5,2.54455534587616,123.492899655102,122.848699493321,13.0813906844371,0.168794048997429,-27.8263548363542,Calibrate
08 October 2018,01:23:38 PM,12.9367704416351,77.7004472193302,12.9493991,77.6808663,115.5,2.54454283420565,123.49282324933,122.672400540475,13.1161435736154,0.168794048997429,-27.8263548363542,Calibrate
08 October 2018,01:23:39 PM,12.9367704416351,77.7004472193302,12.9493991,77.6808663,115.5,2.54454283420565,123.49282324933,123.139045779822,13.0564566635891,0.168794048997429,-27.8263548363542,Calibrate
08 October 2018,01:23:39 PM,12.9367704416351,77.7004472193302,12.9493991,77.6808663,115.5,2.54454283420565,123.49282324933,123.027858824919,13.0663127380954,0.168794048997429,-27.8263548363542,Calibrate
08 October 2018,01:23:40 PM,12.9367704416351,77.7004472193302,12.9493991,77.6808663,115.5,2.54454283420565,123.49282324933,123.439130116041,12.9952208261087,0.34098298117207,-27.8970530445136,Calibrate
08 October 2018,01:23:41 PM,12.9367705906616,77.7004471750928,12.9493991,77.6808663,115.5,2.54452969088667,123.492571666396,123.299366869498,13.0517836894877,0.34098298117207,-27.8970530445136,Calibrate
08 October 2018,01:23:42 PM,12.9367705906616,77.7004471750928,12.9493991,77.6808663,115.5,2.54452969088667,123.492571666396,123.448586181084,13.0729131981196,0.34098298117207,-27.8970530445136,Calibrate
08 October 2018,01:23:43 PM,12.9367706362646,77.7004471700371,12.9493991,77.6808663,115.5,2.54452643543851,123.492483257813,123.575089233404,13.1913452054496,0.34098298117207,-27.8970530445136,Calibrate
08 October 2018,01:23:44 PM,12.9367706362646,77.7004471700371,12.9493991,77.6808663,115.5,2.54452643543851,123.492483257813,123.564955073299,13.1800818439751,0.34098298117207,-27.8970530445136,Calibrate
08 October 2018,01:23:44 PM,12.9367706362646,77.7004471700371,12.9493991,77.6808663,115.5,2.54452643543851,123.492483257813,123.43917851332,13.1366736763116,0.34098298117207,-27.8970530445136,Calibrate
08 October 2018,01:23:45 PM,12.9367706362646,77.7004471700371,12.9493991,77.6808663,115.5,2.54452643543851,123.492483257813,123.395245854378,13.1006652980957,0.34098298117207,-27.8970530445136,Calibrate
08 October 2018,01:23:46 PM,12.9367706362646,77.7004471700371,12.9493991,77.6808663,115.5,2.54452643543851,123.492483257813,123.215952916496,13.1545670524114,0.34098298117207,-27.8970530445136,Calibrate
08 October 2018,01:23:47 PM,12.9367706362646,77.7004471700371,12.9493991,77.6808663,115.5,2.54452643543851,123.492483257813,123.720935199867,13.1960010341919,0.34098298117207,-27.8970530445136,Calibrate
08 October 2018,01:23:48 PM,12.9367706362646,77.7004471700371,12.9493991,77.6808663,115.5,2.54452643543851,123.492483257813,123.645591775785,13.1795647443496,0.34098298117207,-27.8970530445136,Calibrate
08 October 2018,01:23:48 PM,12.9367623545059,77.7004586680148,12.9493991,77.6808663,115.5,2.54607378138004,123.49428921159,123.075677055085,12.9839091881712,0.34098298117207,-27.8970530445136,Calibrate
08 October 2018,01:23:49 PM,12.9367623545059,77.7004586680148,12.9493991,77.6808663,115.5,2.54607378138004,123.49428921159,123.431779268538,13.0310940969915,0.34098298117207,-27.8970530445136,Calibrate
08 October 2018,01:23:50 PM,12.9367590418023,77.7004632672059,12.9493991,77.6808663,115.5,2.54669272047516,123.495010978039,123.477224370548,13.0464057452539,0.34098298117207,-27.8970530445136,Calibrate
08 October 2018,01:23:51 PM,12.9367590418023,77.7004632672059,12.9493991,77.6808663,115.5,2.54669272047516,123.495010978039,123.432121471152,13.0683249942529,0.34098298117207,-27.8970530445136,Calibrate
08 October 2018,01:23:52 PM,12.9367590418023,77.7004632672059,12.9493991,77.6808663,115.5,2.54669272047516,123.495010978039,123.364533686953,13.1133345247506,0.34098298117207,-27.8970530445136,Calibrate
08 October 2018,01:23:52 PM,12.9367590418023,77.7004632672059,12.9493991,77.6808663,115.5,2.54669272047516,123.495010978039,123.124246009741,13.1085568547818,0.34098298117207,-27.8970530445136,Calibrate
08 October 2018,01:23:53 PM,12.9367568866884,77.7004665427529,12.9493991,77.6808663,115.5,2.54712099764734,123.495098902528,123.109798164885,13.0993204772689,0.34098298117207,-27.8970530445136,Calibrate
08 October 2018,01:23:54 PM,12.9367568866884,77.7004665427529,12.9493991,77.6808663,115.5,2.54712099764734,123.495098902528,123.349365342605,13.1061641666945,0.34098298117207,-27.8970530445136,Calibrate
08 October 2018,01:23:55 PM,12.9367565546754,77.7004671171012,12.9493991,77.6808663,115.5,2.54719327822318,123.495018636988,123.380590329446,13.1130965705033,0.34098298117207,-27.8970530445136,Calibrate
08 October 2018,01:23:56 PM,12.9367565546754,77.7004671171012,12.9493991,77.6808663,115.5,2.54719327822318,123.495018636988,123.414875950696,13.071274123311,0.34098298117207,-27.8970530445136,Calibrate
08 October 2018,01:23:56 PM,12.9367565546754,77.7004671171012,12.9493991,77.6808663,115.5,2.54719327822318,123.495018636988,123.28103174503,13.0839787482399,0.34098298117207,-27.8970530445136,Calibrate
08 October 2018,01:23:57 PM,12.9367564218701,77.7004673468405,12.9493991,77.6808663,115.5,2.54722219045476,123.49498653205,123.205927981524,13.0805620291817,0.34098298117207,-27.8970530445136,Calibrate
08 October 2018,01:23:58 PM,12.9367559687481,77.7004679387362,12.9493991,77.6808663,115.5,2.54730348948259,123.495135253527,123.161793989639,12.8907708504337,0.34098298117207,-27.8970530445136,Calibrate
08 October 2018,01:23:59 PM,12.9367557874992,77.7004681754945,12.9493991,77.6808663,115.5,2.54733600909877,123.495194739455,122.812148097656,12.9928325567481,0.34098298117207,-27.8970530445136,Calibrate
08 October 2018,01:24:00 PM,12.9367557874992,77.7004681754945,12.9493991,77.6808663,115.5,2.54733600909877,123.495194739455,123.005720232669,13.0805291441099,0.34098298117207,-27.8970530445136,Calibrate
08 October 2018,01:24:00 PM,12.9367557874992,77.7004681754945,12.9493991,77.6808663,115.5,2.54733600909877,123.495194739455,123.179022499878,13.0463998280857,0.34098298117207,-27.8970530445136,Calibrate
08 October 2018,01:24:01 PM,12.9367557874992,77.7004681754945,12.9493991,77.6808663,115.5,2.54733600909877,123.495194739455,123.336164672904,13.111597562474,0.34098298117207,-27.8970530445136,Calibrate
08 October 2018,01:24:02 PM,12.9367557149997,77.7004682701978,12.9493991,77.6808663,115.5,2.54734901694637,123.495218533404,123.307716071424,13.0860529087428,0.34098298117207,-27.8970530445136,Calibrate
08 October 2018,01:24:03 PM,12.9367553859999,77.7004686080791,12.9493991,77.6808663,115.5,2.54739974291718,123.495450113554,123.48092290415,12.990869189448,0.34098298117207,-27.8970530445136,Calibrate
08 October 2018,01:24:04 PM,12.9367552544,77.7004687432317,12.9493991,77.6808663,115.5,2.54742003331707,123.495542743027,123.344975180707,13.1309751418036,0.34098298117207,-27.8970530445136,Calibrate
08 October 2018,01:24:04 PM,12.9367552544,77.7004687432317,12.9493991,77.6808663,115.5,2.54742003331707,123.495542743027,123.232007807259,13.2080957834904,0.34098298117207,-27.8970530445136,Calibrate
08 October 2018,01:24:05 PM,12.9367552544,77.7004687432317,12.9493991,77.6808663,115.5,2.54742003331707,123.495542743027,123.322972572393,13.1352665071887,0.189091527230648,-28.0289278953053,Calibrate
08 October 2018,01:24:06 PM,12.9367552544,77.7004687432317,12.9493991,77.6808663,115.5,2.54742003331707,123.495542743027,123.323176054333,13.1698199526659,0.189091527230648,-28.0289278953053,Calibrate
08 October 2018,01:24:07 PM,12.93675520176,77.7004687972927,12.9493991,77.6808663,115.5,2.54742814947851,123.49557979442,123.309790887959,13.091165470305,0.189091527230648,-28.0289278953053,Calibrate
08 October 2018,01:24:07 PM,12.936755380704,77.7004686189171,12.9493991,77.6808663,115.5,2.54740104736712,123.495446577595,123.315071735559,12.9475163811273,0.189091527230648,-28.0289278953053,Calibrate
08 October 2018,01:24:08 PM,12.936755380704,77.7004686189171,12.9493991,77.6808663,115.5,2.54740104736712,123.495446577595,123.330346586524,13.0511127003513,0.189091527230648,-28.0289278953053,Calibrate
08 October 2018,01:24:09 PM,12.9367554522816,77.7004685475668,12.9493991,77.6808663,115.5,2.5473902065283,123.49539329005,123.488384506558,13.1316721316468,0.189091527230648,-28.0289278953053,Calibrate
08 October 2018,01:24:10 PM,12.9367554522816,77.7004685475668,12.9493991,77.6808663,115.5,2.5473902065283,123.49539329005,123.158583232077,13.0022482447358,0.189091527230648,-28.0289278953053,Calibrate
08 October 2018,01:24:11 PM,12.9367554522816,77.7004685475668,12.9493991,77.6808663,115.5,2.5473902065283,123.49539329005,123.587525746692,13.072644489188,0.189091527230648,-28.0289278953053,Calibrate
08 October 2018,01:24:12 PM,12.9367554809126,77.7004685190267,12.9493991,77.6808663,115.5,2.54738587019145,123.495371974933,123.287484627347,13.0863266778027,0.189091527230648,-28.0289278953053,Calibrate
08 October 2018,01:24:12 PM,12.9367552923651,77.7004685076107,12.9493991,77.6808663,115.5,2.54739641016453,123.495780557207,122.990381869596,12.9512272217626,0.189091527230648,-28.0289278953053,Calibrate
08 October 2018,01:24:13 PM,12.936755216946,77.7004685030443,12.9493991,77.6808663,115.5,2.54740062618911,123.495943989195,123.457102002578,12.9750946737289,0.189091527230648,-28.0289278953053,Calibrate
08 October 2018,01:24:14 PM,12.936755216946,77.7004685030443,12.9493991,77.6808663,115.5,2.54740062618911,123.495943989195,123.327820356541,13.070950008252,0.189091527230648,-28.0289278953053,Calibrate
08 October 2018,01:24:15 PM,12.936755216946,77.7004685030443,12.9493991,77.6808663,115.5,2.54740062618911,123.495943989195,123.509228337276,13.1185613125633,0.189091527230648,-28.0289278953053,Calibrate
08 October 2018,01:24:15 PM,12.936755216946,77.7004685030443,12.9493991,77.6808663,115.5,2.54740062618911,123.495943989195,123.532005749966,13.102109726023,0.189091527230648,-28.0289278953053,Calibrate
08 October 2018,01:24:16 PM,12.9367551867784,77.7004685012177,12.9493991,77.6808663,115.5,2.54740231260597,123.496009361816,123.599403713881,13.1154824000785,0.189091527230648,-28.0289278953053,Calibrate
08 October 2018,01:24:17 PM,12.9367541747114,77.7004696004871,12.9493991,77.6808663,115.5,2.54756376747741,123.496641096335,123.613667618521,13.1573979214043,0.189091527230648,-28.0289278953053,Calibrate
08 October 2018,01:24:18 PM,12.9367537698845,77.7004700401948,12.9493991,77.6808663,115.5,2.54762834951303,123.496893767715,123.77138740317,13.1513855003986,0.189091527230648,-28.0289278953053,Calibrate
08 October 2018,01:24:19 PM,12.9367537698845,77.7004700401948,12.9493991,77.6808663,115.5,2.54762834951303,123.496893767715,123.546965585964,13.1387499578682,0.189091527230648,-28.0289278953053,Calibrate
08 October 2018,01:24:20 PM,12.9367537698845,77.7004700401948,12.9493991,77.6808663,115.5,2.54762834951303,123.496893767715,123.457091400703,13.1124099176974,0.189091527230648,-28.0289278953053,Calibrate
08 October 2018,01:24:20 PM,12.9367537698845,77.7004700401948,12.9493991,77.6808663,115.5,2.54762834951303,123.496893767715,123.559256807567,13.0551794781119,0.189091527230648,-28.0289278953053,Calibrate
08 October 2018,01:24:21 PM,12.9367536079538,77.7004702160779,12.9493991,77.6808663,115.5,2.5476541823408,123.496994832689,123.534438898272,13.0718256892106,0.189091527230648,-28.0289278953053,Calibrate
08 October 2018,01:24:22 PM,12.9367531431815,77.7004703864312,12.9493991,77.6808663,115.5,2.54769810250717,123.497734835953,123.317304432871,13.0627727927123,0.189091527230648,-28.0289278953053,Calibrate
08 October 2018,01:24:23 PM,12.9367529572726,77.7004704545725,12.9493991,77.6808663,115.5,2.54771567069369,123.498030830108,123.55165772443,13.1208928290352,0.189091527230648,-28.0289278953053,Calibrate
08 October 2018,01:24:24 PM,12.9367529572726,77.7004704545725,12.9493991,77.6808663,115.5,2.54771567069369,123.498030830108,123.674360591641,13.0045481610324,0.189091527230648,-28.0289278953053,Calibrate
08 October 2018,01:24:24 PM,12.9367529572726,77.7004704545725,12.9493991,77.6808663,115.5,2.54771567069369,123.498030830108,123.103680892653,12.9791824649537,0.189091527230648,-28.0289278953053,Calibrate
08 October 2018,01:24:25 PM,12.9367529572726,77.7004704545725,12.9493991,77.6808663,115.5,2.54771567069369,123.498030830108,123.548750409638,12.9624990722716,0.189091527230648,-28.0289278953053,Calibrate
08 October 2018,01:24:26 PM,12.936752882909,77.700470481829,12.9493991,77.6808663,115.5,2.54772269798684,123.498149226627,123.726776611311,12.9379107214954,0.189091527230648,-28.0289278953053,Calibrate
08 October 2018,01:24:27 PM,12.9367526531636,77.7004701927316,12.9493991,77.6808663,115.5,2.54771067423523,123.499017210714,123.448819509826,13.0043606950696,0.189091527230648,-28.0289278953053,Calibrate
08 October 2018,01:24:28 PM,12.9367525612654,77.7004700770926,12.9493991,77.6808663,115.5,2.54770586489736,123.499364406658,123.528785224404,13.0541391543862,0.189091527230648,-28.0289278953053,Calibrate
08 October 2018,01:24:28 PM,12.9367525612654,77.7004700770926,12.9493991,77.6808663,115.5,2.54770586489736,123.499364406658,123.220793859261,13.0476838271642,0.189091527230648,-28.0289278953053,Calibrate
08 October 2018,01:24:29 PM,12.9367525612654,77.7004700770926,12.9493991,77.6808663,115.5,2.54770586489736,123.499364406658,123.490055375526,13.0953925515066,0.189091527230648,-28.0289278953053,Calibrate
08 October 2018,01:24:30 PM,12.9367525612654,77.7004700770926,12.9493991,77.6808663,115.5,2.54770586489736,123.499364406658,123.332067271102,13.0616336626803,0.177362705191849,-28.0765982509535,Calibrate
08 October 2018,01:24:31 PM,12.9367525245062,77.7004700308371,12.9493991,77.6808663,115.5,2.54770394118981,123.499503285383,123.489031386128,13.0802753472615,0.177362705191849,-28.0765982509535,Calibrate
08 October 2018,01:24:32 PM,12.9367524098025,77.7004699123348,12.9493991,77.6808663,115.5,2.54770027303266,123.499901888989,123.718053208132,13.1252761189755,0.177362705191849,-28.0765982509535,Calibrate
08 October 2018,01:24:32 PM,12.9367524098025,77.7004699123348,12.9493991,77.6808663,115.5,2.54770027303266,123.499901888989,123.405300694754,13.0344272301014,0.177362705191849,-28.0765982509535,Calibrate
08 October 2018,01:24:33 PM,12.936752363921,77.7004698649339,12.9493991,77.6808663,115.5,2.54769880580394,123.500061330761,123.483190516503,13.0952583169148,0.177362705191849,-28.0765982509535,Calibrate
08 October 2018,01:24:34 PM,12.936752363921,77.7004698649339,12.9493991,77.6808663,115.5,2.54769880580394,123.500061330761,123.291195421782,13.0822711252908,0.177362705191849,-28.0765982509535,Calibrate
08 October 2018,01:24:35 PM,12.936752363921,77.7004698649339,12.9493991,77.6808663,115.5,2.54769880580394,123.500061330761,123.488517246709,13.1310194700261,0.177362705191849,-28.0765982509535,Calibrate
08 October 2018,01:24:36 PM,12.936752363921,77.7004698649339,12.9493991,77.6808663,115.5,2.54769880580394,123.500061330761,123.228803603729,13.1835302106179,0.177362705191849,-28.0765982509535,Calibrate
08 October 2018,01:24:36 PM,12.936752363921,77.7004698649339,12.9493991,77.6808663,115.5,2.54769880580394,123.500061330761,123.418798515914,13.0520810443555,0.177362705191849,-28.0765982509535,Calibrate
08 October 2018,01:24:37 PM,12.936752363921,77.7004698649339,12.9493991,77.6808663,115.5,2.54769880580394,123.500061330761,123.350276974944,13.0328413686495,0.177362705191849,-28.0765982509535,Calibrate
08 October 2018,01:24:38 PM,12.936752363921,77.7004698649339,12.9493991,77.6808663,115.5,2.54769880580394,123.500061330761,123.187634299397,12.923761885599,0.177362705191849,-28.0765982509535,Calibrate
08 October 2018,01:24:39 PM,12.9367525455684,77.7004678459736,12.9493991,77.6808663,115.5,2.54750521370224,123.502398943081,123.353808878321,13.037367555534,0.177362705191849,-28.0765982509535,Calibrate
08 October 2018,01:24:40 PM,12.9367526182274,77.7004670383894,12.9493991,77.6808663,115.5,2.54742777804847,123.503334087483,123.222116628827,13.032562085765,0.177362705191849,-28.0765982509535,Calibrate
08 October 2018,01:24:40 PM,12.9367526182274,77.7004670383894,12.9493991,77.6808663,115.5,2.54742777804847,123.503334087483,123.342773836178,13.0394355260793,0.177362705191849,-28.0765982509535,Calibrate
08 October 2018,01:24:41 PM,12.9367526182274,77.7004670383894,12.9493991,77.6808663,115.5,2.54742777804847,123.503334087483,123.378969521975,12.992858904238,0.177362705191849,-28.0765982509535,Calibrate
08 October 2018,01:24:42 PM,12.9367526182274,77.7004670383894,12.9493991,77.6808663,115.5,2.54742777804847,123.503334087483,124.082049322196,13.116294968033,0.177362705191849,-28.0765982509535,Calibrate
08 October 2018,01:24:43 PM,12.9367526472909,77.7004667153558,12.9493991,77.6808663,115.5,2.5473968039768,123.503708161166,123.686037274259,13.075593540869,0.177362705191849,-28.0765982509535,Calibrate
08 October 2018,01:24:44 PM,12.9367522589164,77.7004672861423,12.9493991,77.6808663,115.5,2.5474722219666,123.503749982248,123.10185315598,12.9891209221928,0.177362705191849,-28.0765982509535,Calibrate
08 October 2018,01:24:44 PM,12.9367522589164,77.7004672861423,12.9493991,77.6808663,115.5,2.5474722219666,123.503749982248,123.569114047722,13.015208445641,0.177362705191849,-28.0765982509535,Calibrate
08 October 2018,01:24:45 PM,12.9367521035666,77.7004675144569,12.9493991,77.6808663,115.5,2.54750238916167,123.503766710001,123.4588069264,13.1566387636014,0.177362705191849,-28.0765982509535,Calibrate
08 October 2018,01:24:46 PM,12.9367521035666,77.7004675144569,12.9493991,77.6808663,115.5,2.54750238916167,123.503766710001,123.57235464302,13.0443311897174,0.177362705191849,-28.0765982509535,Calibrate
08 October 2018,01:24:47 PM,12.9367521035666,77.7004675144569,12.9493991,77.6808663,115.5,2.54750238916167,123.503766710001,123.785432283259,13.0856611035838,0.177362705191849,-28.0765982509535,Calibrate
08 October 2018,01:24:47 PM,12.9367520414266,77.7004676057828,12.9493991,77.6808663,115.5,2.54751445604054,123.503773400979,123.842755311812,12.9667449256366,0.177362705191849,-28.0765982509535,Calibrate
08 October 2018,01:24:48 PM,12.9367521165706,77.7004678423131,12.9493991,77.6808663,115.5,2.54753121666233,123.503298440996,123.777584770141,12.8868934698943,0.177362705191849,-28.0765982509535,Calibrate
08 October 2018,01:24:49 PM,12.9367521466283,77.7004679369252,12.9493991,77.6808663,115.5,2.54753792095888,123.503108458772,124.331776913845,12.973995860919,0.177362705191849,-28.0765982509535,Calibrate
08 October 2018,01:24:50 PM,12.9367521466283,77.7004679369252,12.9493991,77.6808663,115.5,2.54753792095888,123.503108458772,124.166380378486,12.9183453593739,0.177362705191849,-28.0765982509535,Calibrate
